curated_record_id	event_count	event_count_crypskip	variant_type	cryptic_modified_variant_flag	splicing_event_class	cryptic_pos	skipped_exons_id	cryptic_modified_event_flag	in_rna_studies	delta	sai_pred	tx_id	delta_logit_psi	mmpred	mmpred_es	cryptic_distance	skipped_exons_count	missplicing_event_rank_simple	sample_count	sample_count_ns	asj	asj_top4
1	2	2	donor		cryptic donor	76733032	""		0		0			0	0	-184		8	4	225125	1	0
1	2	2	donor		cryptic donor	76733040	""		0		0			0	0	-176		9	1	225125	1	0
1	2	2	donor		cryptic donor	76733119	""		0	0.110363617539406	1			0	0	-97		3	450	225125	1	1
1	2	2	donor		cryptic donor	76733122	""		0	0.113241635262966	1			0	0	-94		4	203	225125	1	1
1	2	2	donor		cryptic donor	76733138	""		0		0			0	0	-78		10	1	225125	1	0
1	2	2	donor		cryptic donor	76733197	""		0		0			0	0	-19		7	8	225125	1	0
1	2	2	donor		cryptic donor	76733199	""		0		0			0	0	-17		5	161	225125	1	0
1	2	2	donor		exon skipping		2-3		1		0			0	0		2	2	16942	225125	1	1
1	2	2	donor		exon skipping		3		1	-0.368433773517609	1	ENST00000615984	-3.54519306775121	1	1		1	1	17015	225125	1	1
1	2	2	donor		exon skipping		3-4		0	-0.130194544792175	1	ENST00000615984	-0.0367211646299958	1	0		2	6	60	225125	1	0
1	2	2	donor		exon skipping		3-5		0	-8.11383506515995e-06	1			0	0						0	0
1	2	2	donor		intron retention		""		0	-0.280171364545822	1			0	0						0	0
2	2	1	donor		cryptic donor	11794746	""		0		0			0	0	-18		4	2	160270	1	1
2	2	1	donor		cryptic donor	11794765	""		0		0			0	0	-37		5	2	160270	1	0
2	2	1	donor		exon skipping		6-7		0		0			0	0		2	2	162	160270	1	1
2	2	1	donor		exon skipping		7		1	-0.253460645675659	1	ENST00000376592	-2.51531322031866	1	1		1	1	2746	160270	1	1
2	2	1	donor		exon skipping		7-8		0		0			0	0		2	3	113	160270	1	1
2	2	1	donor		intron retention		""		1	-0.0575470924377441	1			0	0						0	0
4	3	2	donor	1	cryptic donor	31860711	""		0		0			0	0	477		17	1	215092	1	0
4	3	2	donor	1	cryptic donor	31860778	""		0		0			0	0	410		6	47	215092	1	0
4	3	2	donor	1	cryptic donor	31860869	""		0		0			0	0	319		18	1	215092	1	0
4	3	2	donor	1	cryptic donor	31860879	""		0		0			0	0	309		15	2	215092	1	0
4	3	2	donor	1	cryptic donor	31861042	""		0		0			0	0	146		8	16	215092	1	0
4	3	2	donor	1	cryptic donor	31861072	""		0		0			0	0	116		19	1	215092	1	0
4	3	2	donor	1	cryptic donor	31861091	""		0		0			0	0	97		12	6	215092	1	0
4	3	2	donor	1	cryptic donor	31861167	""		0		0			0	0	21		13	3	215092	1	0
4	3	2	donor	1	cryptic donor	31861195	""	1	1	0.21047854423523	1			0	0	-8		2	17807	215092	1	1
4	3	2	donor	1	cryptic donor	31861218	""		0		0			0	0	-31		9	11	215092	1	0
4	3	2	donor	1	cryptic donor	31861220	""		0		0			0	0	-33		11	7	215092	1	0
4	3	2	donor	1	cryptic donor	31861268	""		0		0			0	0	-81		16	2	215092	1	0
4	3	2	donor	1	cryptic donor	31861289	""		0		0			0	0	-102		4	1153	215092	1	1
4	3	2	donor	1	cryptic donor	31861293	""		0		0			0	0	-106		10	9	215092	1	0
4	3	2	donor	1	cryptic donor	31861307	""		0		0			0	0	-120		20	1	215092	1	0
4	3	2	donor	1	cryptic donor	31861355	""		0		0			0	0	-168		14	3	215092	1	0
4	3	2	donor	1	cryptic donor	31861376	""		0		0			0	0	-189		5	54	215092	1	0
4	3	2	donor	1	exon skipping		2-3		0		0			0	0		2	3	4760	215092	1	1
4	3	2	donor	1	exon skipping		3		1	-0.07658851146698	1	ENST00000375631	-2.54265870548116	1	1		1	1	52235	215092	1	1
4	3	2	donor	1	exon skipping		3-4		0		0			0	0		2	7	21	215092	1	0
4	3	2	donor	1	intron retention		""		1		0			0	0						0	0
5	2	2	donor		cryptic donor	169112782	""		0		0			0	0	5		5	1	91088	1	0
5	2	2	donor		cryptic donor	169112799	""		0		0			0	0	-13		4	2	91088	1	1
5	2	2	donor		exon skipping		7-8		0		0			0	0		2	2	98	91088	1	1
5	2	2	donor		exon skipping		8		1	-0.477307140827179	1	ENST00000464456	-2.16182278918771	1	1		1	1	7956	91088	1	1
5	2	2	donor		exon skipping		8-9		1		0			0	0		2	3	71	91088	1	1
206	1	1	acceptor		cryptic acceptor	237359052	""		0		0			0	0	37		6	16	104468	1	0
206	1	1	acceptor		cryptic acceptor	237359056	""		0		0			0	0	33		8	8	104468	1	0
206	1	1	acceptor		cryptic acceptor	237359058	""		0		0			0	0	31		7	11	104468	1	0
206	1	1	acceptor		cryptic acceptor	237359079	""		0		0			0	0	10		9	3	104468	1	0
206	1	1	acceptor		cryptic acceptor	237359085	""		0	0.136699795722961	1			0	0	4		2	207	104468	1	1
206	1	1	acceptor		cryptic acceptor	237359088	""		0	0.851971507072449	1			0	0						0	0
206	1	1	acceptor		cryptic acceptor	237359118	""		0		0			0	0	-30		10	2	104468	1	0
206	1	1	acceptor		cryptic acceptor	237359121	""		0	0.0661955326795578	1			0	0						0	0
206	1	1	acceptor		cryptic acceptor	237359130	""		0	0.208663836121559	1			0	0	-42		5	22	104468	1	0
206	1	1	acceptor		cryptic acceptor	237359140	""		0		0			0	0	-52		11	1	104468	1	0
206	1	1	acceptor		exon skipping		19-20		0		0			0	0		2	4	34	104468	1	1
206	1	1	acceptor		exon skipping		20		1		0	ENST00000295550	-2.90772529417839	1	1		1	1	1422	104468	1	1
206	1	1	acceptor		exon skipping		20-21		0		0			0	0		2	3	75	104468	1	1
207	3	2	donor		cryptic donor	97852997	""		0		0			0	0	63		7	1	220879	1	0
207	3	2	donor		cryptic donor	97853052	""		0		0			0	0	8		5	16	220879	1	0
207	3	2	donor		cryptic donor	97853071	""		0		0			0	0	-12		3	35	220879	1	1
207	3	2	donor		cryptic donor	97853093	""		0		0			0	0	-34		6	6	220879	1	0
207	3	2	donor		cryptic donor	97853106	""		0	0.0630522519350052	1			0	0						0	0
207	3	2	donor		cryptic donor	97853107	""		1	0.757141947746277	1			0	0	-48		2	1080	220879	1	1
207	3	2	donor		cryptic donor	97853183	""		0		0			0	0	-124		8	1	220879	1	0
207	3	2	donor		exon skipping		11-12		0		0			0	0		2	4	16	220879	1	1
207	3	2	donor		exon skipping		12		1		0	ENST00000394309	-2.94622875022627	1	1		1	1	1919	220879	1	1
207	3	2	donor		intron retention		""		1		0			0	0						0	0
228	1	1	donor		cryptic donor	76991833	""		0		0			0	0	-439		5	40	199450	1	0
228	1	1	donor		cryptic donor	76992102	""		0		0			0	0	-170		10	2	199450	1	0
228	1	1	donor		cryptic donor	76992111	""		0	0.448725908994675	1			0	0	-161		3	4192	199450	1	1
228	1	1	donor		cryptic donor	76992176	""		0		0			0	0	-96		9	3	199450	1	0
228	1	1	donor		cryptic donor	76992207	""		0		0			0	0	-65		12	1	199450	1	0
228	1	1	donor		cryptic donor	76992221	""		0		0			0	0	-51		6	19	199450	1	0
228	1	1	donor		cryptic donor	76992261	""		0		0			0	0	-11		8	5	199450	1	0
228	1	1	donor		cryptic donor	76992276	""		0		0			0	0	5		11	2	199450	1	0
228	1	1	donor		cryptic donor	76992301	""		0	0.0621237941086292	1			0	0						0	0
228	1	1	donor		cryptic donor	76992547	""		0	0.0704220682382584	1			0	0	276		4	85	199450	1	1
228	1	1	donor		cryptic donor	76992576	""		0		0			0	0	305		7	16	199450	1	0
228	1	1	donor		cryptic donor	76992582	""		0		0			0	0	311		1	15192	199450	1	1
228	1	1	donor		cryptic donor	76992853	""		1	0.118642210960388	1			0	0	582		2	6978	199450	1	1
228	1	1	donor		cryptic donor	76993711	""		0	0.0873685479164124	1			0	0						0	0
228	1	1	donor		exon skipping		1		0		0	ENST00000636183	-4.3961084481751	1	1						0	0
229	1	1	donor		cryptic donor	87426628	""		0		0			0	0	122		4	1	72306	1	1
229	1	1	donor		cryptic donor	87426742	""		0		0			0	0	8		2	12	72306	1	1
229	1	1	donor		cryptic donor	87426745	""		0		0			0	0	5		5	1	72306	1	0
229	1	1	donor		exon skipping		16		1	-0.875085949897766	1	ENST00000649586	-3.35672184233942	1	1		1	1	128	72306	1	1
229	1	1	donor		exon skipping		16-17		0	-0.09906405210495	1			0	0		2	3	1	72306	1	1
229	1	1	donor		intron retention		""		0	-0.132936000823975	1			0	0						0	0
231	2	2	acceptor		cryptic acceptor	44622306	""		0		0			0	0	42		6	64	151365	1	0
231	2	2	acceptor		cryptic acceptor	44622308	""		1		0			0	0	40		3	2864	151365	1	1
231	2	2	acceptor		cryptic acceptor	44622332	""		0		0			0	0	16		7	38	151365	1	0
231	2	2	acceptor		cryptic acceptor	44622376	""		0		0			0	0	-29		5	105	151365	1	0
231	2	2	acceptor		cryptic acceptor	44622395	""		0		0			0	0	-48		8	12	151365	1	0
231	2	2	acceptor		cryptic acceptor	44622436	""		0		0			0	0	-89		9	5	151365	1	0
231	2	2	acceptor		cryptic acceptor	44622533	""		0		0			0	0	-186		10	3	151365	1	0
231	2	2	acceptor		cryptic acceptor	44622609	""		0		0			0	0	-262		11	2	151365	1	0
231	2	2	acceptor		exon skipping		12-13		0		0			0	0		2	4	271	151365	1	1
231	2	2	acceptor		exon skipping		13		1	-0.602967441082001	1	ENST00000684235	-1.37924304597132	1	0		1	2	3942	151365	1	1
231	2	2	acceptor		exon skipping		13-14		0	2.52934114541858e-06	1			0	0		2	1	5249	151365	1	1
232	2	2	donor		cryptic donor	135429631	""		0		0			0	0	251		5	1	23881	1	0
232	2	2	donor		cryptic donor	135429841	""		1	0.80853545665741	1			0	0	41		3	13	23881	1	1
232	2	2	donor		exon skipping		14-15		0		0			0	0		2	4	11	23881	1	1
232	2	2	donor		exon skipping		15		1	-0.0622700452804565	1	ENST00000681488	-3.47273161889211	1	1		1	1	3430	23881	1	1
232	2	2	donor		exon skipping		15-16		0		0			0	0		2	2	2071	23881	1	1
233	1	1	donor		cryptic donor	32595180	""		0		0			0	0	577		5	1	49848	1	0
233	1	1	donor		cryptic donor	32595819	""		0		0			0	0	-63		6	1	49848	1	0
233	1	1	donor		cryptic donor	32595840	""		0		0			0	0	-84		3	6	49848	1	1
233	1	1	donor		cryptic donor	32595846	""		0		0			0	0	-90		4	2	49848	1	1
233	1	1	donor		exon skipping		12-13		0		0			0	0		2	2	10	49848	1	1
233	1	1	donor		exon skipping		13		1	-0.147477149963379	1	ENST00000357033	-3.48262510738118	1	1		1	1	904	49848	1	1
234	2	2	donor		cryptic donor	154412087	""		0		0			0	0	-128		13	2	197966	1	0
234	2	2	donor		cryptic donor	154412121	""		0		0			0	0	-94		4	204	197966	1	1
234	2	2	donor		cryptic donor	154412126	""		0		0			0	0	-89		7	42	197966	1	0
234	2	2	donor		cryptic donor	154412172	""		0		0			0	0	-43		11	4	197966	1	0
234	2	2	donor		cryptic donor	154412174	""		0		0			0	0	-41		16	1	197966	1	0
234	2	2	donor		cryptic donor	154412186	""		0		0			0	0	-29		14	2	197966	1	0
234	2	2	donor		cryptic donor	154412227	""		0		0			0	0	13		10	7	197966	1	0
234	2	2	donor		cryptic donor	154412251	""		1	0.319129824638367	1			0	0	37		6	77	197966	1	0
234	2	2	donor		cryptic donor	154412278	""		0		0			0	0	64		15	2	197966	1	0
234	2	2	donor		cryptic donor	154412328	""		0		0			0	0	114		12	4	197966	1	0
234	2	2	donor		cryptic donor	154412470	""		0		0			0	0	256		3	450	197966	1	1
234	2	2	donor		cryptic donor	154412606	""		0	0.0503262802958489	1			0	0	392		8	33	197966	1	0
234	2	2	donor		cryptic donor	154412670	""		0		0			0	0	456		17	1	197966	1	0
234	2	2	donor		cryptic donor	154412711	""		0	0.0868663936853409	1			0	0	497		1	10745	197966	1	1
234	2	2	donor		cryptic donor	154412735	""		0		0			0	0	521		9	8	197966	1	0
234	2	2	donor		exon skipping		2		1	-0.0906303524971008	1	ENST00000613634	-2.19873401738647	1	1		1	2	9985	197966	1	1
234	2	2	donor		exon skipping		2-3		0		0			0	0		2	5	181	197966	1	0
234	2	2	donor		exon skipping		2-5		0	1.2446558685042e-05	1			0	0						0	0
234	2	2	donor		intron retention		""		0	-0.0576264262199402	1			0	0						0	0
235	3	2	donor		cryptic donor	32386351	""		1		0			0	0	-42		2	36	56219	1	1
235	3	2	donor		cryptic donor	32386396	""		0		0			0	0	-87		4	3	56219	1	1
235	3	2	donor		cryptic donor	32386420	""		0		0			0	0	-111		6	1	56219	1	0
235	3	2	donor		exon skipping		32-33		0		0			0	0		2	5	1	56219	1	0
235	3	2	donor		exon skipping		33		1		0	ENST00000357033	-3.77038811769311	1	1		1	1	558	56219	1	1
235	3	2	donor		exon skipping		33-34		0		0			0	0		2	3	4	56219	1	1
235	3	2	donor		intron retention		""		1		0			0	0						0	0
236	1	1	donor		cryptic donor	68212022	""		0		0			0	0	86		4	2	125499	1	1
236	1	1	donor		cryptic donor	68212167	""		0		0			0	0	-60		5	1	125499	1	0
236	1	1	donor		exon skipping		7-8		0		0			0	0		2	3	63	125499	1	1
236	1	1	donor		exon skipping		8		1	-0.742146611213684	1	ENST00000680612	-2.499678724908	1	1		1	1	10511	125499	1	1
236	1	1	donor		exon skipping		8-9		0	-0.0903712511062622	1			0	0		2	2	1884	125499	1	1
241	1	1	donor		exon skipping		4-5		0		0			0	0		2	3	2	58538	1	1
241	1	1	donor		exon skipping		5		1	-0.95152884721756	1	ENST00000649586	-3.06036787472462	1	1		1	1	7743	58538	1	1
241	1	1	donor		exon skipping		5-6		0		0			0	0		2	2	1253	58538	1	1
246	3	3	acceptor		cryptic acceptor	80104110	""		0		0			0	0	-445		13	1	132291	1	0
246	3	3	acceptor		cryptic acceptor	80104330	""		0		0			0	0	-225		9	2	132291	1	0
246	3	3	acceptor		cryptic acceptor	80104400	""		1		0			0	0	-155		3	381	132291	1	1
246	3	3	acceptor		cryptic acceptor	80104405	""		0		0			0	0	-150		4	215	132291	1	1
246	3	3	acceptor		cryptic acceptor	80104460	""		0		0			0	0	-95		14	1	132291	1	0
246	3	3	acceptor		cryptic acceptor	80104484	""		0		0			0	0	-71		15	1	132291	1	0
246	3	3	acceptor		cryptic acceptor	80104562	""		0		0			0	0	8		5	176	132291	1	0
246	3	3	acceptor		cryptic acceptor	80104565	""		0		0			0	0	11		16	1	132291	1	0
246	3	3	acceptor		cryptic acceptor	80104573	""		0		0			0	0	19		10	2	132291	1	0
246	3	3	acceptor		cryptic acceptor	80104597	""		0		0			0	0	43		17	1	132291	1	0
246	3	3	acceptor		cryptic acceptor	80104728	""		0		0			0	0	174		11	2	132291	1	0
246	3	3	acceptor		cryptic acceptor	80104793	""		0		0			0	0	239		7	4	132291	1	0
246	3	3	acceptor		cryptic acceptor	80104849	""		0		0			0	0	295		12	2	132291	1	0
246	3	3	acceptor		cryptic acceptor	80104874	""		0		0			0	0	320		18	1	132291	1	0
246	3	3	acceptor		cryptic acceptor	80104981	""		0	0.0593624338507652	1			0	0	427		8	4	132291	1	0
246	3	3	acceptor		cryptic acceptor	80105011	""		0		0			0	0	457		19	1	132291	1	0
246	3	3	acceptor		cryptic acceptor	80105072	""		1	0.0525589138269424	1			0	0	518		2	560	132291	1	1
246	3	3	acceptor		exon skipping		2		1		0	ENST00000570803	-1.04633780823794	1	0		1	1	12273	132291	1	1
246	3	3	acceptor		exon skipping		2-3		0		0			0	0		2	6	166	132291	1	0
250	4	4	donor		cryptic donor	151688006	""		1	0.300412952899933	1			0	0	286		2	24	23454	1	1
250	4	4	donor		cryptic donor	151688174	""		1	0.286921203136444	1			0	0	118		6	7	23454	1	0
250	4	4	donor		cryptic donor	151688296	""		0		0			0	0	-5		3	12	23454	1	1
250	4	4	donor		cryptic donor	151688371	""		1	0.267893403768539	1			0	0	-80		4	12	23454	1	1
250	4	4	donor		exon skipping		24-25		0		0			0	0		2	5	7	23454	1	0
250	4	4	donor		exon skipping		25		1	-0.196199238300323	1	ENST00000397345	-4.30459064583339	1	1		1	1	40	23454	1	1
250	4	4	donor		exon skipping		25-26		0		0			0	0		2	7	1	23454	1	0
251	2	1	donor		cryptic donor	151663000	""		0		0			0	0	548		5	5	25094	1	0
251	2	1	donor		cryptic donor	151663096	""		0		0			0	0	452		6	3	25094	1	0
251	2	1	donor		cryptic donor	151663204	""		1		0			0	0	344		1	30	25094	1	1
251	2	1	donor		cryptic donor	151663493	""		0		0			0	0	55		7	2	25094	1	0
251	2	1	donor		cryptic donor	151663552	""		0		0			0	0	-5		3	8	25094	1	1
251	2	1	donor		exon skipping		44-45		0		0			0	0		2	4	6	25094	1	1
251	2	1	donor		exon skipping		45		0		0	ENST00000397345	-3.77844706957189	1	1		1	2	12	25094	1	1
251	2	1	donor		exon skipping		45-46		0		0			0	0		2	8	1	25094	1	0
251	2	1	donor		intron retention		""		1		0			0	0						0	0
252	1	1	donor		cryptic donor	178581013	""		0		0			0	0	486		7	1	25261	1	0
252	1	1	donor		cryptic donor	178581230	""		0		0			0	0	269		5	3	25261	1	0
252	1	1	donor		cryptic donor	178581494	""		0		0			0	0	5		3	16	25261	1	1
252	1	1	donor		cryptic donor	178581546	""		0		0			0	0	-48		8	1	25261	1	0
252	1	1	donor		cryptic donor	178581565	""		0		0			0	0	-67		9	1	25261	1	0
252	1	1	donor		cryptic donor	178581572	""		0	0.0528134366322774	1			0	0	-74		10	1	25261	1	0
252	1	1	donor		cryptic donor	178581576	""		0	0.294570914003998	1			0	0	-78		2	24	25261	1	1
252	1	1	donor		cryptic donor	178581613	""		0	0.199944101448637	1			0	0						0	0
252	1	1	donor		cryptic donor	178581658	""		0	0.472600191831589	1			0	0						0	0
252	1	1	donor		cryptic donor	178581691	""		0		0			0	0	-193		11	1	25261	1	0
252	1	1	donor		cryptic donor	178581751	""		0		0			0	0	-253		12	1	25261	1	0
252	1	1	donor		exon skipping		264-265		0		0			0	0		2	6	1	25261	1	0
252	1	1	donor		exon skipping		265		1	-0.0525485873222351	1	ENST00000342992	-4.98786840442003	1	1		1	1	82	25261	1	1
252	1	1	donor		exon skipping		265-266		0		0			0	0		2	4	3	25261	1	1
252	1	1	donor		intron retention		""		0	-0.113778412342072	1			0	0						0	0
253	1	1	donor		cryptic donor	151682435	""		0		0			0	0	227		5	3	22919	1	0
253	1	1	donor		cryptic donor	151682648	""		0		0			0	0	14		4	7	22919	1	1
253	1	1	donor		exon skipping		28-29		0		0			0	0		2	2	20	22919	1	1
253	1	1	donor		exon skipping		29		1	-0.867077827453613	1	ENST00000397345	-3.62298809583919	1	1		1	1	176	22919	1	1
253	1	1	donor		exon skipping		29-30		0		0			0	0		2	3	13	22919	1	1
254	4	3	donor	1	cryptic acceptor	151610920	""		0	0.056258887052536	1			0	0						0	0
254	4	3	donor	1	cryptic donor	151610420	""		1		0			0	0	96		4	5	34163	1	1
254	4	3	donor	1	cryptic donor	151610452	""		1		0			0	0						0	0
254	4	3	donor	1	cryptic donor	151610511	""	1	1	0.365976750850678	1			0	0						0	0
254	4	3	donor	1	cryptic donor	151610520	""		0		0			0	0	-5		3	8	34163	1	1
254	4	3	donor	1	exon skipping		79-80		0		0			0	0		2	2	8	34163	1	1
254	4	3	donor	1	exon skipping		80		0	-0.0641728639602661	1	ENST00000397345	-4.50820839369557	1	1		1	1	16	34163	1	1
254	4	3	donor	1	intron retention		""		1	-0.127795100212097	1			0	0						0	0
255	2	2	donor		cryptic donor	151533090	""		0		0			0	0	352		6	13	40540	1	0
255	2	2	donor		cryptic donor	151533117	""		0		0			0	0	325		2	139	40540	1	1
255	2	2	donor		cryptic donor	151533319	""		0		0			0	0	123		9	1	40540	1	0
255	2	2	donor		cryptic donor	151533329	""		1	0.103387989103794	1			0	0	113		3	133	40540	1	1
255	2	2	donor		cryptic donor	151533382	""		1	0.206109970808029	1			0	0	60		8	5	40540	1	0
255	2	2	donor		cryptic donor	151533436	""		0		0			0	0	6		5	14	40540	1	0
255	2	2	donor		exon skipping		142-143		0		0			0	0		2	7	12	40540	1	0
255	2	2	donor		exon skipping		143		0	-0.165738493204117	1	ENST00000397345	-1.49022811540097	1	0		1	1	16847	40540	1	1
255	2	2	donor		exon skipping		143-144		0		0			0	0		2	4	25	40540	1	1
257	1	1	acceptor		cryptic acceptor	151674546	""		0		0			0	0	39		5	1	24833	1	0
257	1	1	acceptor		cryptic acceptor	151674551	""		0	0.501382946968079	1			0	0	34		3	3	24833	1	1
257	1	1	acceptor		cryptic acceptor	151674616	""		0		0			0	0	-32		6	1	24833	1	0
257	1	1	acceptor		cryptic acceptor	151674694	""		0	0.188462808728218	1			0	0						0	0
257	1	1	acceptor		cryptic acceptor	151674697	""		0	0.0586165972054005	1			0	0						0	0
257	1	1	acceptor		exon skipping		35-36		0		0			0	0		2	2	23	24833	1	1
257	1	1	acceptor		exon skipping		36		1		0	ENST00000397345	-2.76893201031873	1	1		1	1	40	24833	1	1
257	1	1	acceptor		exon skipping		36-37		0		0			0	0		2	4	2	24833	1	1
259	1	1	donor		cryptic donor	38442393	""		0		0			0	0	-61		9	1	28233	1	0
259	1	1	donor		cryptic donor	38442403	""		0		0			0	0	-51		10	1	28233	1	0
259	1	1	donor		cryptic donor	38442436	""		0	0.0923637673258781	1			0	0	-18		5	6	28233	1	0
259	1	1	donor		cryptic donor	38442448	""		0		0			0	0	-6		4	11	28233	1	1
259	1	1	donor		cryptic donor	38442473	""		0	0.369750916957855	1			0	0						0	0
259	1	1	donor		cryptic donor	38442620	""		0		0			0	0	167		7	4	28233	1	0
259	1	1	donor		cryptic donor	38442624	""		0	0.0745096206665039	1			0	0	171		1	4413	28233	1	1
259	1	1	donor		cryptic donor	38442628	""		0		0			0	0	175		11	1	28233	1	0
259	1	1	donor		cryptic donor	38442911	""		0		0			0	0	458		3	64	28233	1	1
259	1	1	donor		cryptic donor	38442969	""		0		0			0	0	516		8	3	28233	1	0
259	1	1	donor		cryptic donor	38443057	""		0	0.103779673576355	1			0	0						0	0
259	1	1	donor		exon skipping		2-3		0		0			0	0		2	2	226	28233	1	1
259	1	1	donor		exon skipping		3		1		0	ENST00000355481	-0.84116942726061	1	0		1	6	4	28233	1	0
262	1	1	donor		cryptic donor	178529679	""		0		0			0	0	281		9	1	51645	1	0
262	1	1	donor		cryptic donor	178529753	""		0		0			0	0	207		10	1	51645	1	0
262	1	1	donor		cryptic donor	178529945	""		0		0			0	0	15		6	2	51645	1	0
262	1	1	donor		cryptic donor	178529955	""		0		0			0	0	5		5	4	51645	1	0
262	1	1	donor		cryptic donor	178529988	""		0		0			0	0	-29		7	2	51645	1	0
262	1	1	donor		cryptic donor	178530011	""		0		0			0	0	-52		4	6	51645	1	1
262	1	1	donor		cryptic donor	178530016	""		0		0			0	0	-57		11	1	51645	1	0
262	1	1	donor		cryptic donor	178530031	""		0		0			0	0	-72		12	1	51645	1	0
262	1	1	donor		cryptic donor	178530100	""		0		0			0	0	-141		2	3934	51645	1	1
262	1	1	donor		exon skipping		307-308		0		0			0	0		2	8	1	51645	1	0
262	1	1	donor		exon skipping		308		1	-0.850431680679321	1	ENST00000342992	-4.00179209864531	1	1		1	1	5999	51645	1	1
262	1	1	donor		exon skipping		308-309		0		0			0	0		2	3	1474	51645	1	1
265	3	3	acceptor		cryptic acceptor	62143324	""		0		0			0	0	23		9	4	185709	1	0
265	3	3	acceptor		cryptic acceptor	62143340	""		0		0			0	0	7		5	65	185709	1	0
265	3	3	acceptor		cryptic acceptor	62143345	""		0		0			0	0	2		3	597	185709	1	1
265	3	3	acceptor		cryptic acceptor	62143373	""		1	0.352284401655197	1			0	0	-27		4	475	185709	1	1
265	3	3	acceptor		cryptic acceptor	62143428	""		0		0			0	0	-82		8	5	185709	1	0
265	3	3	acceptor		cryptic acceptor	62143489	""		0		0			0	0	-143		10	1	185709	1	0
265	3	3	acceptor		cryptic acceptor	62143619	""		0		0			0	0	-273		6	8	185709	1	0
265	3	3	acceptor		cryptic acceptor	62143812	""		0		0			0	0	-466		11	1	185709	1	0
265	3	3	acceptor		exon skipping		10-11		0		0			0	0		2	7	6	185709	1	0
265	3	3	acceptor		exon skipping		11		1	-0.197765588760376	1	ENST00000589339	-1.43291558377632	1	0		1	1	7299	185709	1	1
265	3	3	acceptor		exon skipping		11-12		1		0			0	0		2	2	2091	185709	1	1
268	2	1	acceptor		cryptic acceptor	46126340	""		0		0			0	0	-163		6	1	169801	1	0
268	2	1	acceptor		cryptic acceptor	46126460	""		0		0			0	0	-43		3	1244	169801	1	1
268	2	1	acceptor		cryptic acceptor	46126475	""		0	0.0846156477928162	1			0	0						0	0
268	2	1	acceptor		cryptic acceptor	46126510	""		0		0			0	0	8		2	1740	169801	1	1
268	2	1	acceptor		cryptic acceptor	46126523	""		0		0			0	0	21		4	480	169801	1	1
268	2	1	acceptor		exon skipping		26-27		0		0			0	0		2	5	62	169801	1	0
268	2	1	acceptor		exon skipping		27		1	-0.230479061603546	1	ENST00000300527	0.175743538515191	1	0		1	1	14214	169801	1	1
268	2	1	acceptor		intron retention		""		1		0			0	0						0	0
277	1	1	acceptor		cryptic acceptor	178622746	""		0	0.0985934659838676	1			0	0	22		4	4	25965	1	1
277	1	1	acceptor		cryptic acceptor	178622805	""		0		0			0	0	-38		2	11	25965	1	1
277	1	1	acceptor		cryptic acceptor	178622818	""		0		0			0	0	-51		3	5	25965	1	1
277	1	1	acceptor		cryptic acceptor	178623249	""		0		0			0	0	-482		6	2	25965	1	0
277	1	1	acceptor		exon skipping		191-192		0		0			0	0		2	5	3	25965	1	0
277	1	1	acceptor		exon skipping		192		1	-0.685596287250519	1	ENST00000342992	-2.67209886514078	1	1		1	1	31	25965	1	1
277	1	1	acceptor		exon skipping		192-193		0		0			0	0		2	7	1	25965	1	0
278	1	1	donor		cryptic acceptor	178642815	""		0	0.0549451559782028	1			0	0						0	0
278	1	1	donor		cryptic donor	178642202	""		0	0.203320190310478	1			0	0						0	0
278	1	1	donor		cryptic donor	178642207	""		0	0.269297659397125	1			0	0	30		4	9	22572	1	1
278	1	1	donor		cryptic donor	178642231	""		0		0			0	0	6		6	3	22572	1	0
278	1	1	donor		cryptic donor	178642249	""		0		0			0	0	-13		5	7	22572	1	0
278	1	1	donor		cryptic donor	178642252	""		0		0			0	0	-16		8	1	22572	1	0
278	1	1	donor		cryptic donor	178642275	""		0		0			0	0	-39		7	2	22572	1	0
278	1	1	donor		exon skipping		167-168		0	-0.10055136680603	1			0	0		2	3	67	22572	1	1
278	1	1	donor		exon skipping		168		0	-0.076971173286438	1	ENST00000342992	-4.11989753003271	1	1		1	2	1340	22572	1	1
278	1	1	donor		exon skipping		168-169		1		0			0	0		2	1	9538	22572	1	1
282	2	1	donor		cryptic donor	46189179	""		0		0			0	0	279		2	41955	122747	1	1
282	2	1	donor		cryptic donor	46189183	""		0		0			0	0	275		6	4	122747	1	0
282	2	1	donor		cryptic donor	46189199	""		0		0			0	0	259		3	3318	122747	1	1
282	2	1	donor		cryptic donor	46189224	""		0		0			0	0	234		7	2	122747	1	0
282	2	1	donor		cryptic donor	46189234	""		0		0			0	0	224		5	9	122747	1	0
282	2	1	donor		cryptic donor	46189236	""		0		0			0	0	222		8	2	122747	1	0
282	2	1	donor		cryptic donor	46189241	""		0		0			0	0	217		1	93366	122747	1	1
282	2	1	donor		cryptic donor	46189338	""		0		0			0	0	120		10	1	122747	1	0
282	2	1	donor		cryptic donor	46189483	""		1	0.252383828163147	1			0	0	-26		4	462	122747	1	1
282	2	1	donor		cryptic donor	46189543	""		0		0			0	0	-86		9	2	122747	1	0
282	2	1	donor		exon skipping		1		0		0	ENST00000475642	-4.9722764722157	1	1						0	0
282	2	1	donor		intron retention		""		1	-0.320626497268677	1			0	0						0	0
491	2	1	donor		cryptic donor	12362790	""		0		0			0	0	-61		5	2	173026	1	0
491	2	1	donor		cryptic donor	12362858	""		0		0			0	0	8		6	1	173026	1	0
491	2	1	donor		cryptic donor	12362989	""		0	0.0994173586368561	1			0	0	139		3	720	173026	1	1
491	2	1	donor		exon skipping		50-51		0		0			0	0		2	1	980	173026	1	1
491	2	1	donor		exon skipping		51		1	-0.386307835578918	1	ENST00000620676	-1.22134394317355	1	0		1	2	858	173026	1	1
491	2	1	donor		exon skipping		51-52		0		0			0	0		2	4	6	173026	1	1
491	2	1	donor		intron retention		""		1		0			0	0						0	0
492	2	2	donor		cryptic donor	63483788	""		0	0.109215691685677	1			0	0						0	0
492	2	2	donor		cryptic donor	63483849	""		0		0			0	0	-123		9	2	96981	1	0
492	2	2	donor		cryptic donor	63483932	""		0		0			0	0	-40		10	1	96981	1	0
492	2	2	donor		cryptic donor	63483945	""		0		0			0	0	-27		11	1	96981	1	0
492	2	2	donor		cryptic donor	63483955	""		1	0.234356820583344	1			0	0	-17		3	49	96981	1	1
492	2	2	donor		cryptic donor	63483974	""		0		0			0	0	3		4	25	96981	1	1
492	2	2	donor		cryptic donor	63483976	""		0		0			0	0	5		7	5	96981	1	0
492	2	2	donor		cryptic donor	63483979	""		0	0.546016454696655	1			0	0	8		12	1	96981	1	0
492	2	2	donor		cryptic donor	63484027	""		0	0.150542482733727	1			0	0	56		5	14	96981	1	0
492	2	2	donor		cryptic donor	63484039	""		0		0			0	0	68		6	9	96981	1	0
492	2	2	donor		exon skipping		10		1	-0.0518199801445007	1	ENST00000582678	-2.88610065666154	1	1		1	1	1564	96981	1	1
492	2	2	donor		exon skipping		10-11		0		0			0	0		2	2	76	96981	1	1
492	2	2	donor		exon skipping		9-10		0		0			0	0		2	8	2	96981	1	0
494	1	1	donor		cryptic donor	119506841	""		0		0			0	0	-49		8	1	226976	1	0
494	1	1	donor		cryptic donor	119506869	""		0		0			0	0	-21		4	91	226976	1	1
494	1	1	donor		cryptic donor	119506871	""		0		0			0	0	-19		6	3	226976	1	0
494	1	1	donor		cryptic donor	119506874	""		0		0			0	0	-16		5	5	226976	1	0
494	1	1	donor		cryptic donor	119507138	""		0		0			0	0	249		7	2	226976	1	0
494	1	1	donor		exon skipping		14-15		0		0			0	0		2	3	708	226976	1	1
494	1	1	donor		exon skipping		15		1	-0.89992755651474	1	ENST00000683936	-3.18651274399719	1	1		1	1	17052	226976	1	1
494	1	1	donor		exon skipping		15-16		0		0			0	0		2	2	2072	226976	1	1
496	2	1	donor		cryptic donor	12257040	""		0		0			0	0	-48		6	7	158097	1	0
496	2	1	donor		cryptic donor	12257044	""		0	0.336510896682739	1			0	0	-44		1	886	158097	1	1
496	2	1	donor		cryptic donor	12257058	""		0	0.0870727598667145	1			0	0	-30		8	2	158097	1	0
496	2	1	donor		cryptic donor	12257071	""		0	0.205171436071396	1			0	0	-17		2	518	158097	1	1
496	2	1	donor		cryptic donor	12257104	""		0		0			0	0	17		10	1	158097	1	0
496	2	1	donor		cryptic donor	12257121	""		0	0.0832283273339272	1			0	0	34		9	2	158097	1	0
496	2	1	donor		cryptic donor	12257372	""		0		0			0	0	285		7	5	158097	1	0
496	2	1	donor		cryptic donor	12257615	""		0		0			0	0	528		11	1	158097	1	0
496	2	1	donor		exon skipping		8-9		0		0			0	0		2	4	64	158097	1	1
496	2	1	donor		exon skipping		9		1	-0.151517748832703	1	ENST00000620676	-1.14124743883154	1	0		1	3	107	158097	1	1
496	2	1	donor		exon skipping		9-10		0		0			0	0		2	5	23	158097	1	0
496	2	1	donor		intron retention		""		1		0			0	0						0	0
530	1	1	donor		cryptic donor	24706044	""		0		0			0	0	140		8	1	143418	1	0
530	1	1	donor		cryptic donor	24706079	""		0	0.0561626702547073	1			0	0	105		5	18	143418	1	0
530	1	1	donor		cryptic donor	24706187	""		0		0			0	0	-4		9	1	143418	1	0
530	1	1	donor		cryptic donor	24706195	""		0		0			0	0	-12		10	1	143418	1	0
530	1	1	donor		cryptic donor	24706199	""		0	0.298601180315018	1			0	0	-16		2	12900	143418	1	1
530	1	1	donor		cryptic donor	24706261	""		0	0.596253633499146	1			0	0	-78		4	1179	143418	1	1
530	1	1	donor		cryptic donor	24706343	""		0		0			0	0	-160		11	1	143418	1	0
530	1	1	donor		cryptic donor	24706364	""		0		0			0	0	-181		7	4	143418	1	0
530	1	1	donor		exon skipping		7-8		0		0			0	0		2	6	9	143418	1	0
530	1	1	donor		exon skipping		8		1		0	ENST00000645220	-1.05878062170206	1	0		1	1	26542	143418	1	1
530	1	1	donor		exon skipping		8-9		0		0			0	0		2	3	1459	143418	1	1
531	2	1	acceptor		cryptic acceptor	48970551	""		0		0			0	0	159		9	1	198185	1	0
531	2	1	acceptor		cryptic acceptor	48970600	""		0		0			0	0	110		10	1	198185	1	0
531	2	1	acceptor		cryptic acceptor	48970624	""		0	0.0892643490806222	1			0	0	86		6	8	198185	1	0
531	2	1	acceptor		cryptic acceptor	48970627	""		0	0.0646919822320342	1			0	0						0	0
531	2	1	acceptor		cryptic acceptor	48970637	""		1	0.47021546959877	1			0	0	73		1	10141	198185	1	1
531	2	1	acceptor		cryptic acceptor	48970657	""		0	0.21152376756072	1			0	0	53		7	3	198185	1	0
531	2	1	acceptor		cryptic acceptor	48970679	""		0	0.534736076369882	1			0	0	31		4	47	198185	1	1
531	2	1	acceptor		cryptic acceptor	48970744	""		0	0.296009229496121	1			0	0	-35		5	23	198185	1	0
531	2	1	acceptor		cryptic acceptor	48970896	""		0		0			0	0	-187		11	1	198185	1	0
531	2	1	acceptor		exon skipping		13-14		0		0			0	0		2	2	1001	198185	1	1
531	2	1	acceptor		exon skipping		14		0		0	ENST00000323798	-4.28953641036626	1	1		1	3	400	198185	1	1
531	2	1	acceptor		exon skipping		14-15		0		0			0	0		2	8	2	198185	1	0
531	2	1	acceptor		intron retention		""		1	-0.165932476520538	1			0	0						0	0
532	2	2	donor		cryptic donor	34658549	""		0		0			0	0	-135		16	1	163011	1	0
532	2	2	donor		cryptic donor	34658638	""		0		0			0	0	-46		17	1	163011	1	0
532	2	2	donor		cryptic donor	34658643	""		0		0			0	0	-41		7	119	163011	1	0
532	2	2	donor		cryptic donor	34658650	""		0		0			0	0	-34		14	25	163011	1	0
532	2	2	donor		cryptic donor	34658655	""		0		0			0	0	-29		11	70	163011	1	0
532	2	2	donor		cryptic donor	34658672	""		0		0			0	0	-12		18	1	163011	1	0
532	2	2	donor		cryptic donor	34658677	""		0		0			0	0	-7		3	2749	163011	1	1
532	2	2	donor		cryptic donor	34658689	""		0		0			0	0	6		10	88	163011	1	0
532	2	2	donor		cryptic donor	34658696	""		1		0			0	0	13		1	54087	163011	1	1
532	2	2	donor		cryptic donor	34658716	""		0		0			0	0	33		5	480	163011	1	0
532	2	2	donor		cryptic donor	34658720	""		0		0			0	0	37		15	23	163011	1	0
532	2	2	donor		cryptic donor	34658777	""		0	0.0587616302073002	1			0	0	94		12	54	163011	1	0
532	2	2	donor		cryptic donor	34658885	""		0		0			0	0	202		4	1370	163011	1	1
532	2	2	donor		cryptic donor	34659068	""		0		0			0	0	385		6	158	163011	1	0
532	2	2	donor		cryptic donor	34659201	""		0		0			0	0	518		9	92	163011	1	0
532	2	2	donor		exon skipping		7-8		0		0			0	0		2	8	95	163011	1	0
532	2	2	donor		exon skipping		8		1	-0.503482401371002	1	ENST00000555003	-3.6526149649338	1	1		1	2	5565	163011	1	1
532	2	2	donor		exon skipping		8-9		0		0			0	0		2	13	27	163011	1	0
534	1	1	acceptor		cryptic acceptor	214955240	""		0		0			0	0	122		8	1	34966	1	0
534	1	1	acceptor		cryptic acceptor	214955309	""		0		0			0	0	53		4	4	34966	1	1
534	1	1	acceptor		cryptic acceptor	214955637	""		0		0			0	0	-276		6	3	34966	1	0
534	1	1	acceptor		cryptic acceptor	214955657	""		0	0.073377899825573	1			0	0	-296		2	16	34966	1	1
534	1	1	acceptor		cryptic acceptor	214955661	""		0		0			0	0	-300		5	4	34966	1	0
534	1	1	acceptor		exon skipping		42-43		0		0			0	0		2	3	6	34966	1	1
534	1	1	acceptor		exon skipping		43		1	-0.9661003947258	1	ENST00000272895	-2.01660722929385	1	1		1	1	495	34966	1	1
534	1	1	acceptor		exon skipping		43-44		0		0			0	0		2	7	2	34966	1	0
535	1	1	donor		cryptic donor	120442115	""		0		0			0	0	484		8	3	242570	1	0
535	1	1	donor		cryptic donor	120442117	""		0		0			0	0	482		4	110	242570	1	1
535	1	1	donor		cryptic donor	120442133	""		0		0			0	0	466		9	3	242570	1	0
535	1	1	donor		cryptic donor	120442320	""		0		0			0	0	279		6	17	242570	1	0
535	1	1	donor		cryptic donor	120442611	""		0		0			0	0	-13		5	34	242570	1	0
535	1	1	donor		cryptic donor	120442618	""		0		0			0	0	-20		7	8	242570	1	0
535	1	1	donor		exon skipping		6-7		0		0			0	0		2	2	2319	242570	1	1
535	1	1	donor		exon skipping		7		1	-0.900172710418701	1	ENST00000200639	-2.50526161738503	1	1		1	1	9967	242570	1	1
535	1	1	donor		exon skipping		7-8		0		0			0	0		2	3	1046	242570	1	1
569	1	1	donor		cryptic donor	27943924	""		0		0			0	0	298		4	5	44829	1	1
569	1	1	donor		cryptic donor	27944052	""		0		0			0	0	170		7	1	44829	1	0
569	1	1	donor		cryptic donor	27944098	""		0		0			0	0	124		6	2	44829	1	0
569	1	1	donor		cryptic donor	27944235	""		0		0			0	0	-14		8	1	44829	1	0
569	1	1	donor		cryptic donor	27944281	""		0		0			0	0	-60		9	1	44829	1	0
569	1	1	donor		cryptic donor	27944344	""		0	0.0706126391887665	1			0	0	-123		2	1768	44829	1	1
569	1	1	donor		exon skipping		6-7		0		0			0	0		2	3	1665	44829	1	1
569	1	1	donor		exon skipping		7		1	-0.436804115772247	1	ENST00000673384	-4.00397932916054	1	1		1	1	21325	44829	1	1
569	1	1	donor		exon skipping		7-8		0		0			0	0		2	5	4	44829	1	0
571	1	1	donor		cryptic donor	74816327	""		0		0			0	0	342		2	382	34575	1	1
571	1	1	donor		cryptic donor	74816405	""		0		0			0	0	264		4	10	34575	1	1
571	1	1	donor		exon skipping		10-11		0		0			0	0		2	3	255	34575	1	1
571	1	1	donor		exon skipping		11		1	-0.187006890773773	1	ENST00000360774	-0.961858495234411	1	0		1	1	565	34575	1	1
572	1	1	donor		cryptic donor	15503020	""		0	0.0565667748451233	1			0	0	97		4	12	124199	1	1
572	1	1	donor		exon skipping		6-7		0		0			0	0		2	2	144	124199	1	1
572	1	1	donor		exon skipping		7		1	-0.77963137626648	1	ENST00000503292	-5.34903595995639	1	1		1	1	890	124199	1	1
572	1	1	donor		exon skipping		7-8		0		0			0	0		2	3	15	124199	1	1
853	1	0	donor		cryptic donor	228174713	""		0		0			0	0	-317		4	1	143859	1	1
853	1	0	donor		cryptic donor	228174827	""		0		0			0	0	-203		5	1	143859	1	0
853	1	0	donor		cryptic donor	228174972	""		0		0			0	0	-58		2	4	143859	1	1
853	1	0	donor		cryptic donor	228174998	""		0		0			0	0	-32		6	1	143859	1	0
853	1	0	donor		cryptic donor	228175025	""		0		0			0	0	-5		3	3	143859	1	1
853	1	0	donor		cryptic donor	228175032	""		0	0.264489769935608	1			0	0						0	0
853	1	0	donor		exon skipping		2		0	-0.0752119421958923	1	ENST00000366711	-1.58539848539827	1	0		1	1	44	143859	1	1
853	1	0	donor		exon skipping		2-3		0		0	ENST00000366711	-0.0480945202434481	1	0						0	0
853	1	0	donor		intron retention		""		1	-0.0587299466133118	1			0	0						0	0
854	1	1	acceptor		cryptic acceptor	9441825	""		0		0			0	0	-303		17	1	195213	1	0
854	1	1	acceptor		cryptic acceptor	9441856	""		0		0			0	0	-272		12	2	195213	1	0
854	1	1	acceptor		cryptic acceptor	9441885	""		0		0			0	0	-243		9	6	195213	1	0
854	1	1	acceptor		cryptic acceptor	9441946	""		0		0			0	0	-182		7	7	195213	1	0
854	1	1	acceptor		cryptic acceptor	9441951	""		0		0			0	0	-177		18	1	195213	1	0
854	1	1	acceptor		cryptic acceptor	9441986	""		0		0			0	0	-142		13	2	195213	1	0
854	1	1	acceptor		cryptic acceptor	9441989	""		0		0			0	0	-139		10	4	195213	1	0
854	1	1	acceptor		cryptic acceptor	9442011	""		0		0			0	0	-117		19	1	195213	1	0
854	1	1	acceptor		cryptic acceptor	9442016	""		0		0			0	0	-112		14	2	195213	1	0
854	1	1	acceptor		cryptic acceptor	9442048	""		0		0			0	0	-80		15	2	195213	1	0
854	1	1	acceptor		cryptic acceptor	9442068	""		0		0			0	0	-60		11	3	195213	1	0
854	1	1	acceptor		cryptic acceptor	9442098	""		0		0			0	0	-30		5	12	195213	1	0
854	1	1	acceptor		cryptic acceptor	9442106	""		0		0			0	0	-22		4	254	195213	1	1
854	1	1	acceptor		cryptic acceptor	9442171	""		0		0			0	0	44		1	1742	195213	1	1
854	1	1	acceptor		cryptic acceptor	9442173	""		0		0			0	0	46		20	1	195213	1	0
854	1	1	acceptor		cryptic acceptor	9442220	""		0		0			0	0	93		6	8	195213	1	0
854	1	1	acceptor		cryptic acceptor	9442223	""		0		0			0	0	96		16	2	195213	1	0
854	1	1	acceptor		exon skipping		10		1	-0.283672749996185	1	ENST00000402198	-0.91625973612112	1	0		1	2	1185	195213	1	1
854	1	1	acceptor		exon skipping		10-11		0		0			0	0		2	3	593	195213	1	1
854	1	1	acceptor		exon skipping		9-10		0		0			0	0		2	8	6	195213	1	0
855	2	1	acceptor		cryptic acceptor	41968844	""		0		0			0	0	72		6	5	101157	1	0
855	2	1	acceptor		cryptic acceptor	41968860	""		0		0			0	0	56		8	1	101157	1	0
855	2	1	acceptor		cryptic acceptor	41968898	""		0		0			0	0	18		5	8	101157	1	0
855	2	1	acceptor		cryptic acceptor	41968904	""		1	0.49660986661911	1			0	0	12		2	98	101157	1	1
855	2	1	acceptor		cryptic acceptor	41968907	""		0	0.0514327697455883	1			0	0	9		9	1	101157	1	0
855	2	1	acceptor		cryptic acceptor	41969050	""		0	0.223504573106766	1			0	0	-135		3	97	101157	1	1
855	2	1	acceptor		cryptic acceptor	41969057	""		0	0.26300248503685	1			0	0	-142		4	84	101157	1	1
855	2	1	acceptor		exon skipping		19-20		0		0			0	0		2	7	2	101157	1	0
855	2	1	acceptor		exon skipping		20		0	-0.105367660522461	1	ENST00000644613	-2.48326082550496	1	1		1	1	454	101157	1	1
855	2	1	acceptor		intron retention		""		1		0			0	0						0	0
856	2	2	acceptor		cryptic acceptor	21403539	""		0		0			0	0	125		9	1	184609	1	0
856	2	2	acceptor		cryptic acceptor	21403593	""		1	0.65143883228302	1			0	0	71		1	4146	184609	1	1
856	2	2	acceptor		cryptic acceptor	21403628	""		0		0			0	0	36		10	1	184609	1	0
856	2	2	acceptor		cryptic acceptor	21403640	""		0		0			0	0	24		5	32	184609	1	0
856	2	2	acceptor		cryptic acceptor	21403655	""		0	0.504466474056244	1			0	0	9		4	36	184609	1	1
856	2	2	acceptor		cryptic acceptor	21403730	""		1	0.775572419166565	1			0	0	-67		7	7	184609	1	0
856	2	2	acceptor		cryptic acceptor	21403906	""		0		0			0	0	-243		11	1	184609	1	0
856	2	2	acceptor		cryptic acceptor	21403932	""		0		0			0	0	-269		12	1	184609	1	0
856	2	2	acceptor		cryptic acceptor	21403935	""		0		0			0	0	-272		13	1	184609	1	0
856	2	2	acceptor		cryptic acceptor	21404096	""		0		0			0	0	-433		2	314	184609	1	1
856	2	2	acceptor		cryptic acceptor	21404234	""		0		0			0	0	-571		14	1	184609	1	0
856	2	2	acceptor		exon skipping		16-17		0		0			0	0		2	6	10	184609	1	0
856	2	2	acceptor		exon skipping		17		0		0	ENST00000430710	-2.47304943992434	1	1		1	3	118	184609	1	1
856	2	2	acceptor		exon skipping		17-18		0		0			0	0		2	8	1	184609	1	0
857	1	1	donor		cryptic donor	49186989	""		0	0.0823798477649689	1			0	0						0	0
857	1	1	donor		cryptic donor	49188412	""		0		0			0	0	565		5	2	242005	1	0
857	1	1	donor		cryptic donor	49188416	""		0	0.224057495594025	1			0	0	561		1	118063	242005	1	1
857	1	1	donor		cryptic donor	49188637	""		0		0			0	0	340		7	1	242005	1	0
857	1	1	donor		cryptic donor	49188722	""		0		0			0	0	255		8	1	242005	1	0
857	1	1	donor		cryptic donor	49188807	""		0		0			0	0	170		9	1	242005	1	0
857	1	1	donor		cryptic donor	49188863	""		0	0.0742386281490326	1			0	0	114		4	7	242005	1	1
857	1	1	donor		cryptic donor	49188888	""		1	0.378873646259308	1			0	0	89		2	35523	242005	1	1
857	1	1	donor		cryptic donor	49188996	""		0		0			0	0	-20		10	1	242005	1	0
857	1	1	donor		cryptic donor	49189017	""		0		0			0	0	-41		6	2	242005	1	0
857	1	1	donor		cryptic donor	49189043	""		0	0.058775101788342	1			0	0	-67		3	8	242005	1	1
857	1	1	donor		exon skipping		1		0		0	ENST00000679733	-2.5954122750227	1	1						0	0
858	3	2	donor		cryptic donor	89602901	""		0		0			0	0	142		9	9	189617	1	0
858	3	2	donor		cryptic donor	89602940	""		0		0			0	0	103		13	1	189617	1	0
858	3	2	donor		cryptic donor	89602950	""		0		0			0	0	93		12	3	189617	1	0
858	3	2	donor		cryptic donor	89602988	""		0		0			0	0	55		7	27	189617	1	0
858	3	2	donor		cryptic donor	89603038	""		0		0			0	0	5		11	7	189617	1	0
858	3	2	donor		cryptic donor	89603048	""		0		0			0	0	-6		4	57	189617	1	1
858	3	2	donor		cryptic donor	89603051	""		0		0			0	0	-9		8	13	189617	1	0
858	3	2	donor		cryptic donor	89603066	""		0		0			0	0	-24		6	38	189617	1	0
858	3	2	donor		cryptic donor	89603108	""		0		0			0	0	-66		10	8	189617	1	0
858	3	2	donor		cryptic donor	89603119	""		0	0.259466111660004	1			0	0	-77		5	43	189617	1	0
858	3	2	donor		exon skipping		16-17		1		0			0	0		2	1	1396	189617	1	1
858	3	2	donor		exon skipping		17		1	-0.433892846107483	1	ENST00000261173	-3.83811214271111	1	1		1	3	315	189617	1	1
858	3	2	donor		exon skipping		17-18		0		0			0	0		2	2	794	189617	1	1
858	3	2	donor		intron retention		""		1		0			0	0						0	0
859	1	1	donor		cryptic donor	42076639	""		0		0			0	0	113		2	3	97412	1	1
859	1	1	donor		exon skipping		3		1	-0.598721623420715	1	ENST00000677288	-3.74719918203764	1	1		1	1	530	97412	1	1
861	1	1	acceptor		cryptic acceptor	25355934	""		0		0			0	0	123		10	10	219379	1	0
861	1	1	acceptor		cryptic acceptor	25355973	""		0		0			0	0	84		11	6	219379	1	0
861	1	1	acceptor		cryptic acceptor	25355982	""		0		0			0	0	75		2	12245	219379	1	1
861	1	1	acceptor		cryptic acceptor	25356017	""		0		0			0	0	40		15	1	219379	1	0
861	1	1	acceptor		cryptic acceptor	25356024	""		0		0			0	0	33		12	6	219379	1	0
861	1	1	acceptor		cryptic acceptor	25356035	""		0		0			0	0	22		8	30	219379	1	0
861	1	1	acceptor		cryptic acceptor	25356043	""		0		0			0	0	14		13	2	219379	1	0
861	1	1	acceptor		cryptic acceptor	25356045	""		0		0			0	0	12		7	278	219379	1	0
861	1	1	acceptor		cryptic acceptor	25356095	""		1	0.685947060585022	1			0	0	-39		5	1073	219379	1	0
861	1	1	acceptor		cryptic acceptor	25356126	""		0		0			0	0	-70		16	1	219379	1	0
861	1	1	acceptor		cryptic acceptor	25356129	""		0		0			0	0	-73		17	1	219379	1	0
861	1	1	acceptor		cryptic acceptor	25356148	""		0		0			0	0	-92		9	14	219379	1	0
861	1	1	acceptor		cryptic acceptor	25356186	""		0		0			0	0	-130		18	1	219379	1	0
861	1	1	acceptor		cryptic acceptor	25356212	""		0		0			0	0	-156		6	616	219379	1	0
861	1	1	acceptor		cryptic acceptor	25356256	""		0		0			0	0	-200		19	1	219379	1	0
861	1	1	acceptor		cryptic acceptor	25356427	""		0		0			0	0	-371		14	2	219379	1	0
861	1	1	acceptor		cryptic acceptor	25356609	""		0		0			0	0	-553		20	1	219379	1	0
861	1	1	acceptor		exon skipping		10		0		0	ENST00000638011	-0.845105080323964	1	0		1	1	13252	219379	1	1
861	1	1	acceptor		exon skipping		10-11		0		0			0	0		2	3	3346	219379	1	1
861	1	1	acceptor		exon skipping		9-10		0		0			0	0		2	4	1139	219379	1	1
863	1	1	donor		cryptic donor	19347465	""		0		0			0	0	319		6	4	180629	1	0
863	1	1	donor		cryptic donor	19347586	""		0		0			0	0	198		3	10	180629	1	1
863	1	1	donor		cryptic donor	19347709	""		0		0			0	0	75		7	2	180629	1	0
863	1	1	donor		cryptic donor	19347779	""		0		0			0	0	5		5	6	180629	1	0
863	1	1	donor		cryptic donor	19347803	""		0		0			0	0	-20		9	1	180629	1	0
863	1	1	donor		cryptic donor	19347809	""		0		0			0	0	-26		10	1	180629	1	0
863	1	1	donor		cryptic donor	19347830	""		0		0			0	0	-47		11	1	180629	1	0
863	1	1	donor		cryptic donor	19347867	""		0		0			0	0	-84		8	2	180629	1	0
863	1	1	donor		exon skipping		3-4		0		0			0	0		2	2	77	180629	1	1
863	1	1	donor		exon skipping		4		1	-0.417632102966309	1	ENST00000461069	-2.35917971655843	1	1		1	1	4583	180629	1	1
863	1	1	donor		exon skipping		4-5		0		0			0	0		2	4	6	180629	1	1
866	1	1	donor		cryptic donor	110169981	""		0		0			0	0	566		11	3	121454	1	0
866	1	1	donor		cryptic donor	110169985	""		0		0			0	0	562		6	11	121454	1	0
866	1	1	donor		cryptic donor	110169994	""		0		0			0	0	553		12	1	121454	1	0
866	1	1	donor		cryptic donor	110170156	""		0		0			0	0	391		3	126	121454	1	1
866	1	1	donor		cryptic donor	110170241	""		0		0			0	0	306		10	4	121454	1	0
866	1	1	donor		cryptic donor	110170251	""		0		0			0	0	296		4	93	121454	1	1
866	1	1	donor		cryptic donor	110170623	""		0		0			0	0	-77		8	6	121454	1	0
866	1	1	donor		cryptic donor	110170651	""		0		0			0	0	-105		7	7	121454	1	0
866	1	1	donor		cryptic donor	110170714	""		0		0			0	0	-168		13	1	121454	1	0
866	1	1	donor		cryptic donor	110170718	""		0		0			0	0	-172		9	5	121454	1	0
866	1	1	donor		exon skipping		41-42		0		0			0	0		2	5	45	121454	1	0
866	1	1	donor		exon skipping		42		1	-0.919401288032532	1	ENST00000375820	-4.31138661963379	1	1		1	2	497	121454	1	1
866	1	1	donor		exon skipping		42-43		0		0			0	0		2	1	877	121454	1	1
867	1	1	donor		cryptic donor	112775677	""		0		0			0	0	-61		4	11	173069	1	1
867	1	1	donor		exon skipping		3-4		0		0			0	0		2	3	27	173069	1	1
867	1	1	donor		exon skipping		4		1	-0.791429877281189	1	ENST00000507379	-1.3686214073201	1	0		1	1	15856	173069	1	1
867	1	1	donor		exon skipping		4-5		0		0			0	0		2	2	86	173069	1	1
870	4	3	acceptor		cryptic acceptor	71646204	""		0		0			0	0	-255		3	15	88045	1	1
870	4	3	acceptor		cryptic acceptor	71646473	""		0	0.4845330119133	1			0	0						0	0
870	4	3	acceptor		cryptic acceptor	71646475	""		0	0.223774880170822	1			0	0						0	0
870	4	3	acceptor		cryptic acceptor	71646503	""		1	0.300763845443726	1			0	0	45		1	316	88045	1	1
870	4	3	acceptor		cryptic acceptor	71646509	""		0		0			0	0	51		4	7	88045	1	1
870	4	3	acceptor		cryptic acceptor	71646550	""		1	0.225178927183151	1			0	0	92		2	45	88045	1	1
870	4	3	acceptor		exon skipping		14		1		0	ENST00000224721	-1.88774719921911	1	0		1	5	2	88045	1	0
870	4	3	acceptor		intron retention		""		1		0			0	0						0	0
871	2	1	donor		cryptic donor	47804925	""		0		0			0	0	-103		14	1	216487	1	0
871	2	1	donor		cryptic donor	47804961	""		0		0			0	0	-67		8	5	216487	1	0
871	2	1	donor		cryptic donor	47804988	""		0		0			0	0	-40		13	2	216487	1	0
871	2	1	donor		cryptic donor	47804990	""		0		0			0	0	-38		10	3	216487	1	0
871	2	1	donor		cryptic donor	47805004	""		0		0			0	0	-24		11	3	216487	1	0
871	2	1	donor		cryptic donor	47805023	""		0		0			0	0	-5		6	37	216487	1	0
871	2	1	donor		cryptic donor	47805032	""		0		0			0	0	5		9	5	216487	1	0
871	2	1	donor		cryptic donor	47805045	""		0	0.41553506	1			0	0						0	0
871	2	1	donor		cryptic donor	47805074	""		0		0			0	0	47		12	3	216487	1	0
871	2	1	donor		cryptic donor	47805137	""		0		0			0	0	110		15	1	216487	1	0
871	2	1	donor		cryptic donor	47805275	""		0		0			0	0	248		1	3729	216487	1	1
871	2	1	donor		cryptic donor	47805281	""		0		0			0	0	254		7	33	216487	1	0
871	2	1	donor		cryptic donor	47805414	""		0		0			0	0	387		5	162	216487	1	0
871	2	1	donor		exon skipping		7-8		0		0			0	0		2	3	251	216487	1	1
871	2	1	donor		exon skipping		8		1	-0.67104545	1	ENST00000652107	-4.39847691434846	1	1		1	2	692	216487	1	1
871	2	1	donor		exon skipping		8-9		0		0			0	0		2	4	245	216487	1	1
871	2	1	donor		intron retention		""		1		0			0	0						0	0
872	3	2	donor		cryptic donor	127675864	""		0		0			0	0	-79		9	1	172737	1	0
872	3	2	donor		cryptic donor	127675888	""		1		0			0	0	-55		2	4093	172737	1	1
872	3	2	donor		cryptic donor	127676027	""		0		0			0	0	85		6	31	172737	1	0
872	3	2	donor		cryptic donor	127676160	""		0		0			0	0	218		4	60	172737	1	1
872	3	2	donor		cryptic donor	127676272	""		0		0			0	0	330		8	2	172737	1	0
872	3	2	donor		cryptic donor	127676536	""		0		0			0	0	594		7	29	172737	1	0
872	3	2	donor		exon skipping		13-14		0		0			0	0		2	5	38	172737	1	0
872	3	2	donor		exon skipping		14		1	-0.60827648639679	1	ENST00000637521	-3.09740949317259	1	1		1	3	2108	172737	1	1
872	3	2	donor		exon skipping		14-15		0		0			0	0		2	1	7912	172737	1	1
872	3	2	donor		intron retention		""		1		0			0	0						0	0
873	1	1	donor		cryptic donor	104796304	""		0		0			0	0	5		5	3	139764	1	0
873	1	1	donor		cryptic donor	104796314	""		0	0.0544301345944405	1			0	0	-6		3	46	139764	1	1
873	1	1	donor		cryptic donor	104796356	""		0		0			0	0	-48		6	2	139764	1	0
873	1	1	donor		exon skipping		37-38		0		0			0	0		2	4	8	139764	1	1
873	1	1	donor		exon skipping		38		1	-0.712926506996155	1	ENST00000374736	-3.22433484197625	1	1		1	2	76	139764	1	1
873	1	1	donor		exon skipping		38-39		0		0			0	0		2	1	2963	139764	1	1
875	2	1	donor		cryptic donor	49075359	""		0		0			0	0	5		5	4	214135	1	0
875	2	1	donor		cryptic donor	49075365	""		0		0			0	0	-2		3	8	214135	1	1
875	2	1	donor		cryptic donor	49075415	""		1	0.242086306214333	1			0	0	-52		2	176	214135	1	1
875	2	1	donor		cryptic donor	49075424	""		0		0			0	0	-61		6	2	214135	1	0
875	2	1	donor		cryptic donor	49075431	""		0		0			0	0	-68		7	1	214135	1	0
875	2	1	donor		exon skipping		9		0	-0.163118362426758	1	ENST00000376372	-5.73266474647797	1	1		1	4	6	214135	1	1
875	2	1	donor		exon skipping		9-10		0		0	ENST00000376372	0.0276707922243149	1	0		2	1	16923	214135	1	1
875	2	1	donor		intron retention		""		1	-0.241755306720734	1			0	0						0	0
876	1	1	donor		cryptic donor	15650756	""		0		0			0	0	-59		7	1	164451	1	0
876	1	1	donor		cryptic donor	15650774	""		0		0			0	0	-41		8	1	164451	1	0
876	1	1	donor		cryptic donor	15650779	""		0		0			0	0	-36		6	2	164451	1	0
876	1	1	donor		cryptic donor	15650803	""		0		0			0	0	-12		5	6	164451	1	0
876	1	1	donor		cryptic donor	15650811	""		0		0			0	0	-4		9	1	164451	1	0
876	1	1	donor		cryptic donor	15650822	""		0		0			0	0	8		4	19	164451	1	1
876	1	1	donor		exon skipping		2-3		0		0			0	0		2	2	1059	164451	1	1
876	1	1	donor		exon skipping		3		1	-0.559031784534454	1	ENST00000382020	-3.54517350846965	1	1		1	1	26163	164451	1	1
876	1	1	donor		exon skipping		3-4		0		0			0	0		2	3	235	164451	1	1
878	1	1	donor		cryptic donor	111577542	""		0		0			0	0	-8		4	2	47919	1	1
878	1	1	donor		exon skipping		3-4		0		0			0	0		2	3	334	47919	1	1
878	1	1	donor		exon skipping		4		1	-0.548351411707699	1	ENST00000283285	-6.16457260646867	1	1		1	1	89235	47919	1	1
878	1	1	donor		exon skipping		4-5		0	-0.206280618906021	1			0	0		2	2	8982	47919	1	1
881	4	3	acceptor		cryptic acceptor	19243684	""		1	0.218366265296936	1			0	0	24		4	11	197378	1	1
881	4	3	acceptor		cryptic acceptor	19243750	""		0		0			0	0	-43		8	1	197378	1	0
881	4	3	acceptor		cryptic acceptor	19243760	""		0		0			0	0	-53		5	6	197378	1	0
881	4	3	acceptor		cryptic acceptor	19243771	""		0		0			0	0	-64		9	1	197378	1	0
881	4	3	acceptor		cryptic acceptor	19243799	""		1	0.823688685894013	1			0	0	-92		10	1	197378	1	0
881	4	3	acceptor		cryptic acceptor	19243865	""		0		0			0	0	-158		3	17	197378	1	1
881	4	3	acceptor		cryptic acceptor	19243875	""		0		0			0	0	-168		2	36	197378	1	1
881	4	3	acceptor		exon skipping		3-4		0		0			0	0		2	1	696	197378	1	1
881	4	3	acceptor		exon skipping		4		1	-0.261328876018524	1	ENST00000477853	-3.25461547710479	1	1		1	6	3	197378	1	0
881	4	3	acceptor		exon skipping		4-5		0		0			0	0		2	7	1	197378	1	0
881	4	3	acceptor		intron retention		""		1		0			0	0						0	0
884	2	1	donor		cryptic donor	153783246	""		0		0			0	0	-6		5	1	24965	1	0
884	2	1	donor		cryptic donor	153783256	""		0		0			0	0	5		4	2	24965	1	1
884	2	1	donor		cryptic donor	153783363	""		0	0.0678354799747467	1			0	0						0	0
884	2	1	donor		cryptic donor	153783396	""		0	0.07843928784132	1			0	0						0	0
884	2	1	donor		exon skipping		13-14		0		0			0	0		2	2	17	24965	1	1
884	2	1	donor		exon skipping		14		1	-0.569102883338928	1	ENST00000489426	-3.39814330265287	1	1		1	1	242	24965	1	1
884	2	1	donor		exon skipping		14-15		0		0			0	0		2	3	3	24965	1	1
884	2	1	donor		intron retention		""		1		0			0	0						0	0
885	2	1	donor		cryptic donor	23413957	""		0		0			0	0	50		7	1	38550	1	0
885	2	1	donor		cryptic donor	23414002	""		0		0			0	0	5		4	21	38550	1	1
885	2	1	donor		cryptic donor	23414039	""		0	0.132473662495613	1			0	0	-33		2	92	38550	1	1
885	2	1	donor		cryptic donor	23414060	""		0		0			0	0	-54		3	66	38550	1	1
885	2	1	donor		exon skipping		37-38		0		0			0	0		2	6	2	38550	1	0
885	2	1	donor		exon skipping		38		1		0	ENST00000355349	-2.88680475531555	1	1		1	1	2069	38550	1	1
885	2	1	donor		exon skipping		38-39		0		0			0	0		2	5	6	38550	1	0
885	2	1	donor		intron retention		""		1		0			0	0						0	0
915	1	1	donor		cryptic donor	227284337	""		0		0			0	0	-9		2	14	47229	1	1
915	1	1	donor		exon skipping		33-34		0		0			0	0		2	3	2	47229	1	1
915	1	1	donor		exon skipping		34		1	-0.644517958164215	1	ENST00000396578	-3.815674341002	1	1		1	1	364	47229	1	1
916	2	2	donor		cryptic donor	64757306	""		0		0			0	0	473		6	26	77840	1	0
916	2	2	donor		cryptic donor	64757384	""		0		0			0	0	395		5	29	77840	1	0
916	2	2	donor		cryptic donor	64757662	""		0		0			0	0	117		9	1	77840	1	0
916	2	2	donor		cryptic donor	64757790	""		0		0			0	0	-12		4	31	77840	1	1
916	2	2	donor		cryptic donor	64757794	""		0	0.647041618824005	1			0	0	-16		3	44	77840	1	1
916	2	2	donor		cryptic donor	64757801	""		0	0.0667879059910774	1			0	0	-23		10	1	77840	1	0
916	2	2	donor		cryptic donor	64757820	""		0		0			0	0	-42		8	5	77840	1	0
916	2	2	donor		exon skipping		4-5		1		0			0	0		2	2	116	77840	1	1
916	2	2	donor		exon skipping		5		1		0	ENST00000164139	-2.25959807977124	1	1		1	1	393	77840	1	1
916	2	2	donor		exon skipping		5-6		0		0			0	0		2	7	12	77840	1	0
917	1	1	donor		cryptic donor	42287048	""		0	0.267844974994659	1			0	0	-193		5	10	176320	1	0
917	1	1	donor		cryptic donor	42287147	""		1	0.604896187782288	1			0	0	-94		1	6083	176320	1	1
917	1	1	donor		cryptic donor	42287213	""		0	0.0538367927074432	1			0	0	-28		6	10	176320	1	0
917	1	1	donor		cryptic donor	42287225	""		0		0			0	0	-16		7	4	176320	1	0
917	1	1	donor		cryptic donor	42287245	""		0		0			0	0	5		4	21	176320	1	1
917	1	1	donor		exon skipping		3-4		0		0			0	0		2	2	522	176320	1	1
917	1	1	donor		exon skipping		4		0		0	ENST00000572681	-5.27020624070004	1	1		1	3	219	176320	1	1
917	1	1	donor		exon skipping		4-5		0		0	ENST00000572681	0.0264972078678679	1	0						0	0
920	1	1	acceptor		cryptic acceptor	45876289	""		0		0			0	0	54		7	14	168520	1	0
920	1	1	acceptor		cryptic acceptor	45876314	""		0		0			0	0	29		8	2	168520	1	0
920	1	1	acceptor		cryptic acceptor	45876333	""		0		0			0	0	10		6	18	168520	1	0
920	1	1	acceptor		cryptic acceptor	45876340	""		0		0			0	0	3		1	96053	168520	1	1
920	1	1	acceptor		cryptic acceptor	45876365	""		0		0			0	0	-23		5	52	168520	1	0
920	1	1	acceptor		cryptic acceptor	45876392	""		0		0			0	0	-50		9	2	168520	1	0
920	1	1	acceptor		cryptic acceptor	45876551	""		0		0			0	0	-209		10	1	168520	1	0
920	1	1	acceptor		exon skipping		34-35		0		0			0	0		2	4	280	168520	1	1
920	1	1	acceptor		exon skipping		35		1	-0.778751648962498	1	ENST00000282041	-2.10471546637756	1	1		1	2	46476	168520	1	1
920	1	1	acceptor		exon skipping		35-36		0		0			0	0		2	3	4689	168520	1	1
923	2	1	acceptor		cryptic acceptor	154380085	""		0		0			0	0	-149		22	1	226670	1	0
923	2	1	acceptor		cryptic acceptor	154380097	""		0		0			0	0	-137		19	2	226670	1	0
923	2	1	acceptor		cryptic acceptor	154380104	""		0		0			0	0	-130		16	8	226670	1	0
923	2	1	acceptor		cryptic acceptor	154380119	""		0	0.0720014423131943	1			0	0	-115		9	89	226670	1	0
923	2	1	acceptor		cryptic acceptor	154380122	""		0		0			0	0	-112		7	145	226670	1	0
923	2	1	acceptor		cryptic acceptor	154380128	""		0		0			0	0	-106		11	34	226670	1	0
923	2	1	acceptor		cryptic acceptor	154380131	""		0		0			0	0	-103		23	1	226670	1	0
923	2	1	acceptor		cryptic acceptor	154380147	""		0	0.246712386608124	1			0	0	-87		4	4019	226670	1	1
923	2	1	acceptor		cryptic acceptor	154380166	""		0		0			0	0	-68		6	188	226670	1	0
923	2	1	acceptor		cryptic acceptor	154380171	""		0		0			0	0	-63		13	27	226670	1	0
923	2	1	acceptor		cryptic acceptor	154380180	""		0		0			0	0	-54		8	129	226670	1	0
923	2	1	acceptor		cryptic acceptor	154380185	""		0		0			0	0	-49		14	25	226670	1	0
923	2	1	acceptor		cryptic acceptor	154380257	""		0		0			0	0	24		5	1067	226670	1	0
923	2	1	acceptor		cryptic acceptor	154380259	""		0		0			0	0	26		18	3	226670	1	0
923	2	1	acceptor		cryptic acceptor	154380261	""		0		0			0	0	28		24	1	226670	1	0
923	2	1	acceptor		cryptic acceptor	154380276	""		1	0.0924526080489159	1			0	0	43		1	47721	226670	1	1
923	2	1	acceptor		cryptic acceptor	154380289	""		0		0			0	0	56		17	6	226670	1	0
923	2	1	acceptor		cryptic acceptor	154380312	""		0		0			0	0	79		12	34	226670	1	0
923	2	1	acceptor		cryptic acceptor	154380325	""		0		0			0	0	92		20	2	226670	1	0
923	2	1	acceptor		cryptic acceptor	154380344	""		0		0			0	0	111		3	6917	226670	1	1
923	2	1	acceptor		cryptic acceptor	154380367	""		0		0			0	0	134		21	2	226670	1	0
923	2	1	acceptor		exon skipping		2-3		0		0			0	0		2	15	21	226670	1	0
923	2	1	acceptor		exon skipping		3		0		0	ENST00000369835	-0.977497701684183	1	0		1	2	20207	226670	1	1
923	2	1	acceptor		exon skipping		3-4		0		0			0	0		2	10	44	226670	1	0
923	2	1	acceptor		intron retention		""		1		0			0	0						0	0
924	3	2	acceptor		cryptic acceptor	69045912	""		0		0			0	0	-473		8	1	189782	1	0
924	3	2	acceptor		cryptic acceptor	69046303	""		0		0			0	0	-82		7	2	189782	1	0
924	3	2	acceptor		cryptic acceptor	69046309	""		0		0			0	0	-76		5	3	189782	1	0
924	3	2	acceptor		cryptic acceptor	69046356	""		0		0			0	0	-29		3	196	189782	1	1
924	3	2	acceptor		cryptic acceptor	69046386	""		0		0			0	0	2		2	601	189782	1	1
924	3	2	acceptor		cryptic acceptor	69046411	""		0		0			0	0	27		6	3	189782	1	0
924	3	2	acceptor		cryptic acceptor	69046432	""		0		0			0	0	48		9	1	189782	1	0
924	3	2	acceptor		exon skipping		2		1	-0.623135268688202	1	ENST00000642330	-2.1212830703577	1	1		1	1	4786	189782	1	1
924	3	2	acceptor		exon skipping		2-3		1		0			0	0		2	4	40	189782	1	1
924	3	2	acceptor		intron retention		""		1		0			0	0						0	0
925	2	2	donor		cryptic donor	89779387	""		0		0			0	0	482		4	47	140677	1	1
925	2	2	donor		cryptic donor	89779555	""		0		0			0	0	314		8	2	140677	1	0
925	2	2	donor		cryptic donor	89779610	""		1		0			0	0	259		1	2689	140677	1	1
925	2	2	donor		cryptic donor	89779685	""		0		0			0	0	184		9	2	140677	1	0
925	2	2	donor		cryptic donor	89779801	""		0	0.090437303064391	1			0	0						0	0
925	2	2	donor		cryptic donor	89779882	""		0		0			0	0	-14		10	2	140677	1	0
925	2	2	donor		cryptic donor	89779888	""		0		0			0	0	-20		5	8	140677	1	0
925	2	2	donor		cryptic donor	89779915	""		0		0			0	0	-47		6	3	140677	1	0
925	2	2	donor		cryptic donor	89779933	""		0		0			0	0	-65		11	1	140677	1	0
925	2	2	donor		exon skipping		17-18		0		0			0	0		2	7	2	140677	1	0
925	2	2	donor		exon skipping		18		1	-0.349185764789581	1	ENST00000389301	-1.45302946671273	1	0		1	2	1925	140677	1	1
925	2	2	donor		exon skipping		18-19		0	-0.080415666103363	1			0	0		2	3	325	140677	1	1
925	2	2	donor		exon skipping		18-20		0	-6.57427008263767e-05	1			0	0						0	0
925	2	2	donor		intron retention		""		0	-0.101367831230164	1			0	0						0	0
927	1	1	donor		cryptic donor	150956697	""		0		0			0	0	594		7	2	81117	1	0
927	1	1	donor		cryptic donor	150956796	""		0		0			0	0	495		9	1	81117	1	0
927	1	1	donor		cryptic donor	150956815	""		0		0			0	0	476		5	22	81117	1	0
927	1	1	donor		cryptic donor	150957072	""		0		0			0	0	219		4	23	81117	1	1
927	1	1	donor		cryptic donor	150957077	""		0		0			0	0	214		2	200	81117	1	1
927	1	1	donor		cryptic donor	150957100	""		0		0			0	0	191		10	1	81117	1	0
927	1	1	donor		cryptic donor	150957299	""		0	0.1574634692	1			0	0	-9		6	12	81117	1	0
927	1	1	donor		cryptic donor	150957352	""		0		0			0	0	-62		11	1	81117	1	0
927	1	1	donor		exon skipping		2-3		0		0			0	0		2	3	143	81117	1	1
927	1	1	donor		exon skipping		3		1		0	ENST00000684241	-0.531277584706014	1	0		1	1	312	81117	1	1
927	1	1	donor		exon skipping		3-4		0		0			0	0		2	8	1	81117	1	0
930	2	2	donor		cryptic donor	21861752	""		0		0			0	0	5		6	3	129907	1	0
930	2	2	donor		cryptic donor	21861763	""		1	0.648086965084076	1			0	0	-7		1	10339	129907	1	1
930	2	2	donor		cryptic donor	21861768	""		0	0.163280785083771	1			0	0	-12		3	363	129907	1	1
930	2	2	donor		cryptic donor	21861829	""		0		0			0	0	-73		7	2	129907	1	0
930	2	2	donor		exon skipping		38-39		0		0			0	0		2	2	2225	129907	1	1
930	2	2	donor		exon skipping		39		1	-0.0752925276756287	1	ENST00000374695	-3.81995830827608	1	1		1	4	240	129907	1	1
930	2	2	donor		exon skipping		39-40		0		0			0	0		2	5	9	129907	1	0
941	1	1	donor		cryptic donor	102722851	""		0	0.224635168910027	1			0	0	20		4	16	182645	1	1
941	1	1	donor		cryptic donor	102722864	""		0		0			0	0	7		5	11	182645	1	0
941	1	1	donor		cryptic donor	102722888	""		0		0			0	0	-18		8	1	182645	1	0
941	1	1	donor		cryptic donor	102722899	""		0		0			0	0	-29		6	5	182645	1	0
941	1	1	donor		cryptic donor	102722933	""		0		0			0	0	-63		7	3	182645	1	0
941	1	1	donor		cryptic donor	102723011	""		0		0			0	0	-141		9	1	182645	1	0
941	1	1	donor		exon skipping		3-4		0		0			0	0		2	3	405	182645	1	1
941	1	1	donor		exon skipping		4		1	-0.45560097694397	1	ENST00000647097	-3.77521433213989	1	1		1	1	28146	182645	1	1
941	1	1	donor		exon skipping		4-5		0		0			0	0		2	2	902	182645	1	1
942	1	1	donor	1	cryptic donor	89642198	""		0		0			0	0	5		5	2	111150	1	0
942	1	1	donor	1	cryptic donor	89642208	""	1	1	0.510484457015991	1			0	0	-6		1	1846	111150	1	1
942	1	1	donor	1	cryptic donor	89642242	""		0		0			0	0	-40		7	1	111150	1	0
942	1	1	donor	1	cryptic donor	89642334	""		0		0			0	0	-132		3	28	111150	1	1
942	1	1	donor	1	exon skipping		10-11		0		0			0	0		2	4	10	111150	1	1
942	1	1	donor	1	exon skipping		11		0		0	ENST00000394412	-0.460098074393017	1	0		1	2	39	111150	1	1
942	1	1	donor	1	exon skipping		11-12		0		0			0	0		2	6	1	111150	1	0
943	2	1	donor		cryptic donor	32573014	""		0		0			0	0	516		2	324	45982	1	1
943	2	1	donor		cryptic donor	32573489	""		0	0.0585863925516605	1			0	0						0	0
943	2	1	donor		cryptic donor	32573525	""		0		0			0	0	5		3	62	45982	1	1
943	2	1	donor		cryptic donor	32573546	""		0		0			0	0	-17		5	3	45982	1	0
943	2	1	donor		cryptic donor	32573554	""		0		0			0	0	-25		6	2	45982	1	0
943	2	1	donor		exon skipping		14-15		0		0			0	0		2	1	394	45982	1	1
943	2	1	donor		exon skipping		15		1	-0.240767598152161	1	ENST00000357033	-3.63360126081843	1	1		1	4	53	45982	1	1
943	2	1	donor		exon skipping		15-16		0		0			0	0		2	7	1	45982	1	0
943	2	1	donor		intron retention		""		1		0			0	0						0	0
945	2	1	donor		cryptic donor	27207046	""		0		0			0	0	212		7	10	197481	1	0
945	2	1	donor		cryptic donor	27207050	""		0		0			0	0	208		6	14	197481	1	0
945	2	1	donor		cryptic donor	27207132	""		0		0			0	0	126		13	1	197481	1	0
945	2	1	donor		cryptic donor	27207234	""		0	0.343946665525436	1			0	0						0	0
945	2	1	donor		cryptic donor	27207268	""		0		0			0	0	-11		10	2	197481	1	0
945	2	1	donor		cryptic donor	27207351	""		0		0			0	0	-94		14	1	197481	1	0
945	2	1	donor		cryptic donor	27207432	""		0		0			0	0	-175		15	1	197481	1	0
945	2	1	donor		cryptic donor	27207481	""		0		0			0	0	-224		9	4	197481	1	0
945	2	1	donor		cryptic donor	27207542	""		0		0			0	0	-285		16	1	197481	1	0
945	2	1	donor		cryptic donor	27207560	""		0		0			0	0	-303		8	9	197481	1	0
945	2	1	donor		cryptic donor	27207638	""		1	0.512388408184052	1			0	0	-381		1	5192	197481	1	1
945	2	1	donor		cryptic donor	27207644	""		0		0			0	0	-387		4	46	197481	1	1
945	2	1	donor		cryptic donor	27207658	""		0	0.095623679459095	1			0	0	-401		3	718	197481	1	1
945	2	1	donor		cryptic donor	27207754	""		0		0			0	0	-497		11	2	197481	1	0
945	2	1	donor		exon skipping		2-3		0		0			0	0		2	12	1	197481	1	0
945	2	1	donor		exon skipping		3		0		0	ENST00000310574	-0.49255385544154	1	0		1	2	821	197481	1	1
945	2	1	donor		exon skipping		3-4		0		0			0	0		2	5	40	197481	1	0
945	2	1	donor		intron retention		""		1		0			0	0						0	0
947	1	1	donor		cryptic donor	87449900	""		1	0.669871926307678	1			0	0	68		3	44	59533	1	1
947	1	1	donor		cryptic donor	87449958	""		0	0.243927493691444	1			0	0	10		5	5	59533	1	0
947	1	1	donor		cryptic donor	87450076	""		0		0			0	0	-109		6	1	59533	1	0
947	1	1	donor		exon skipping		7-8		0		0			0	0		2	2	61	59533	1	1
947	1	1	donor		exon skipping		8		0		0	ENST00000649586	-1.24684632004627	1	0		1	1	839	59533	1	1
947	1	1	donor		exon skipping		8-9		0		0			0	0		2	4	6	59533	1	1
948	2	1	acceptor		cryptic acceptor	3739658	""		0	0.0848590582609177	1			0	0	67		3	1574	195299	1	1
948	2	1	acceptor		cryptic acceptor	3739675	""		0		0			0	0	50		6	76	195299	1	0
948	2	1	acceptor		cryptic acceptor	3739780	""		0		0			0	0	-56		8	4	195299	1	0
948	2	1	acceptor		cryptic acceptor	3739807	""		0		0			0	0	-83		9	1	195299	1	0
948	2	1	acceptor		cryptic acceptor	3739868	""		0		0			0	0	-144		10	1	195299	1	0
948	2	1	acceptor		cryptic acceptor	3739941	""		0		0			0	0	-217		5	206	195299	1	0
948	2	1	acceptor		cryptic acceptor	3739962	""		0		0			0	0	-238		11	1	195299	1	0
948	2	1	acceptor		cryptic acceptor	3740080	""		0		0			0	0	-356		7	47	195299	1	0
948	2	1	acceptor		exon skipping		24-25		0		0			0	0		2	4	519	195299	1	1
948	2	1	acceptor		exon skipping		25		1	-0.116286873817444	1	ENST00000262367	-1.61594453193484	1	0		1	2	18077	195299	1	1
948	2	1	acceptor		exon skipping		25-26		0		0			0	0		2	1	53698	195299	1	1
948	2	1	acceptor		intron retention		""		1		0			0	0						0	0
954	2	1	donor		cryptic donor	31214472	""		0		0			0	0	-114		4	1	178080	1	1
954	2	1	donor		cryptic donor	31214547	""		0		0			0	0	-39		5	1	178080	1	0
954	2	1	donor		cryptic donor	31214584	""		0		0			0	0	-2		2	515	178080	1	1
954	2	1	donor		cryptic donor	31214607	""		0		0			0	0	22		6	1	178080	1	0
954	2	1	donor		exon skipping		12-13		0		0			0	0		2	3	12	178080	1	1
954	2	1	donor		exon skipping		13		1	-0.0687241554260254	1	ENST00000487476	-5.47388040933342	1	1		1	1	5116	178080	1	1
954	2	1	donor		intron retention		""		1		0			0	0						0	0
955	1	1	donor		cryptic acceptor	23694053	""		0	0.0562935769557953	1			0	0						0	0
955	1	1	donor		cryptic donor	23694660	""		0		0			0	0	-132		12	75	294302	1	0
955	1	1	donor		cryptic donor	23694674	""		0		0			0	0	-118		8	683	294302	1	0
955	1	1	donor		cryptic donor	23694712	""		0		0			0	0	-80		11	98	294302	1	0
955	1	1	donor		cryptic donor	23694742	""		0		0			0	0	-50		5	7062	294302	1	0
955	1	1	donor		cryptic donor	23694766	""		0		0			0	0	-26		4	7476	294302	1	1
955	1	1	donor		cryptic donor	23694789	""		0		0			0	0	-3		2	19188	294302	1	1
955	1	1	donor		cryptic donor	23694822	""		0		0			0	0	31		14	16	294302	1	0
955	1	1	donor		cryptic donor	23694826	""		0		0			0	0	35		15	5	294302	1	0
955	1	1	donor		cryptic donor	23694858	""		1	0.17430967092514	1			0	0	67		3	10044	294302	1	1
955	1	1	donor		cryptic donor	23694899	""		0		0			0	0	108		17	2	294302	1	0
955	1	1	donor		cryptic donor	23695045	""		0		0			0	0	254		6	1778	294302	1	0
955	1	1	donor		cryptic donor	23695127	""		0		0			0	0	336		9	479	294302	1	0
955	1	1	donor		cryptic donor	23695186	""		0		0			0	0	395		16	4	294302	1	0
955	1	1	donor		cryptic donor	23695291	""		0		0			0	0	500		18	1	294302	1	0
955	1	1	donor		cryptic donor	23695344	""		0		0			0	0	553		13	17	294302	1	0
955	1	1	donor		exon skipping		3-4		0		0			0	0		2	7	797	294302	1	0
955	1	1	donor		exon skipping		4		0		0	ENST00000374550	-2.96849772563886	1	1		1	1	109071	294302	1	1
955	1	1	donor		exon skipping		4-5		0	-0.355398684740067	1			0	0		2	10	242	294302	1	0
955	1	1	donor		exon skipping		4-6		0	-0.559430837631226	1			0	0						0	0
955	1	1	donor		intron retention		""		0	-0.655255675315857	1			0	0						0	0
957	1	1	acceptor	1	cryptic acceptor	64976506	""		0		0			0	0	50		8	2	233183	1	0
957	1	1	acceptor	1	cryptic acceptor	64976523	""		0		0			0	0	33		7	9	233183	1	0
957	1	1	acceptor	1	cryptic acceptor	64976543	""		0		0			0	0	13		5	28	233183	1	0
957	1	1	acceptor	1	cryptic acceptor	64976550	""	1	1	0.826609969139099	1			0	0	6		2	6699	233183	1	1
957	1	1	acceptor	1	cryptic acceptor	64976626	""		0		0			0	0	-71		9	2	233183	1	0
957	1	1	acceptor	1	cryptic acceptor	64976633	""		0		0			0	0	-78		10	2	233183	1	0
957	1	1	acceptor	1	cryptic acceptor	64976672	""		0		0			0	0	-117		6	13	233183	1	0
957	1	1	acceptor	1	cryptic acceptor	64976734	""		0		0			0	0	-179		11	1	233183	1	0
957	1	1	acceptor	1	cryptic acceptor	64976775	""		0		0			0	0	-220		12	1	233183	1	0
957	1	1	acceptor	1	exon skipping		3-4		0		0			0	0		2	3	617	233183	1	1
957	1	1	acceptor	1	exon skipping		4		0		0	ENST00000204566	-2.36697638749	1	1		1	1	114795	233183	1	1
957	1	1	acceptor	1	exon skipping		4-5		0		0			0	0		2	4	176	233183	1	1
1041	2	2	acceptor		cryptic acceptor	41224829	""		0		0			0	0	-125		20	2	234802	1	0
1041	2	2	acceptor		cryptic acceptor	41224853	""		0		0			0	0	-101		17	4	234802	1	0
1041	2	2	acceptor		cryptic acceptor	41224868	""		0		0			0	0	-86		22	1	234802	1	0
1041	2	2	acceptor		cryptic acceptor	41224890	""		0	0.245086953043938	1			0	0	-64		7	52	234802	1	0
1041	2	2	acceptor		cryptic acceptor	41224895	""		0		0			0	0	-59		13	5	234802	1	0
1041	2	2	acceptor		cryptic acceptor	41224906	""		0		0			0	0	-48		19	3	234802	1	0
1041	2	2	acceptor		cryptic acceptor	41224928	""		0		0			0	0	-26		3	2699	234802	1	1
1041	2	2	acceptor		cryptic acceptor	41224932	""		0		0			0	0	-22		14	5	234802	1	0
1041	2	2	acceptor		cryptic acceptor	41224967	""		0	0.100505188107491	1			0	0	14		6	323	234802	1	0
1041	2	2	acceptor		cryptic acceptor	41224983	""		0		0			0	0	30		9	16	234802	1	0
1041	2	2	acceptor		cryptic acceptor	41224988	""		0		0			0	0	35		11	7	234802	1	0
1041	2	2	acceptor		cryptic acceptor	41224990	""		0		0			0	0	37		23	1	234802	1	0
1041	2	2	acceptor		cryptic acceptor	41225015	""		0		0			0	0	62		10	8	234802	1	0
1041	2	2	acceptor		cryptic acceptor	41225022	""		0		0			0	0	69		18	4	234802	1	0
1041	2	2	acceptor		cryptic acceptor	41225027	""		0		0			0	0	74		21	2	234802	1	0
1041	2	2	acceptor		cryptic acceptor	41225036	""		0		0			0	0	83		15	5	234802	1	0
1041	2	2	acceptor		cryptic acceptor	41225051	""		0		0			0	0	98		24	1	234802	1	0
1041	2	2	acceptor		cryptic acceptor	41225081	""		0	0.226465314626694	1			0	0	128		4	484	234802	1	1
1041	2	2	acceptor		cryptic acceptor	41225102	""		1	0.416571706533432	1			0	0	149		1	36398	234802	1	1
1041	2	2	acceptor		cryptic acceptor	41225118	""		0		0			0	0	165		12	7	234802	1	0
1041	2	2	acceptor		cryptic acceptor	41225142	""		0		0			0	0	189		16	5	234802	1	0
1041	2	2	acceptor		cryptic acceptor	41225151	""		0		0			0	0	198		25	1	234802	1	0
1041	2	2	acceptor		exon skipping		4-5		0		0			0	0		2	8	21	234802	1	0
1041	2	2	acceptor		exon skipping		5		1		0	ENST00000643541	-2.18267967277882	1	1		1	2	16260	234802	1	1
1041	2	2	acceptor		exon skipping		5-6		0		0			0	0		2	5	377	234802	1	0
1042	1	1	donor		cryptic donor	15596200	""		0		0			0	0	-8		5	10	116328	1	0
1042	1	1	donor		cryptic donor	15596202	""		0		0			0	0	-6		6	2	116328	1	0
1042	1	1	donor		cryptic donor	15596461	""		0		0			0	0	254		7	1	116328	1	0
1042	1	1	donor		cryptic donor	15596772	""		0		0			0	0	565		4	13	116328	1	1
1042	1	1	donor		exon skipping		34-35		0		0			0	0		2	3	51	116328	1	1
1042	1	1	donor		exon skipping		35		1	-0.897725224494934	1	ENST00000503292	-2.43649834489982	1	1		1	1	21491	116328	1	1
1042	1	1	donor		exon skipping		35-36		0		0			0	0		2	2	421	116328	1	1
1044	1	1	donor		cryptic donor	132920809	""		0		0			0	0	554		3	262	184687	1	1
1044	1	1	donor		cryptic donor	132921299	""		0	0.16068759560585	1			0	0	64		5	16	184687	1	0
1044	1	1	donor		cryptic donor	132921400	""		0		0			0	0	-38		6	2	184687	1	0
1044	1	1	donor		cryptic donor	132921421	""		0		0			0	0	-59		7	2	184687	1	0
1044	1	1	donor		exon skipping		7-8		0		0			0	0		2	2	302	184687	1	1
1044	1	1	donor		exon skipping		8		1	-0.600854873657227	1	ENST00000298552	-2.07841329895555	1	1		1	1	21594	184687	1	1
1044	1	1	donor		exon skipping		8-9		0		0			0	0		2	4	17	184687	1	1
1045	2	1	donor		exon skipping		15-16		0		0			0	0		2	2	1	27430	1	1
1045	2	1	donor		exon skipping		16		1	-0.0581164956092835	1	ENST00000409508	-0.530833608603633	1	0		1	1	15	27430	1	1
1045	2	1	donor		exon skipping		16-17		0		0	ENST00000409508	0.0286491543117173	1	0		2	3	1	27430	1	1
1045	2	1	donor		intron retention		""		1	-0.0510416030883789	1			0	0						0	0
1046	3	2	acceptor		cryptic acceptor	71496894	""		0		0			0	0	-589		7	41	211065	1	0
1046	3	2	acceptor		cryptic acceptor	71497062	""		0		0			0	0	-421		14	8	211065	1	0
1046	3	2	acceptor		cryptic acceptor	71497199	""		0		0			0	0	-284		11	27	211065	1	0
1046	3	2	acceptor		cryptic acceptor	71497211	""		0		0			0	0	-272		15	5	211065	1	0
1046	3	2	acceptor		cryptic acceptor	71497226	""		0		0			0	0	-257		18	1	211065	1	0
1046	3	2	acceptor		cryptic acceptor	71497335	""		0		0			0	0	-148		9	36	211065	1	0
1046	3	2	acceptor		cryptic acceptor	71497350	""		0		0			0	0	-133		16	3	211065	1	0
1046	3	2	acceptor		cryptic acceptor	71497380	""		0		0			0	0	-103		13	11	211065	1	0
1046	3	2	acceptor		cryptic acceptor	71497417	""		0		0			0	0	-66		6	157	211065	1	0
1046	3	2	acceptor		cryptic acceptor	71497420	""		0		0			0	0	-63		8	38	211065	1	0
1046	3	2	acceptor		cryptic acceptor	71497426	""		0		0			0	0	-57		12	25	211065	1	0
1046	3	2	acceptor		cryptic acceptor	71497465	""		1		0			0	0	-18		2	28088	211065	1	1
1046	3	2	acceptor		cryptic acceptor	71497486	""		0		0			0	0	4		1	106342	211065	1	1
1046	3	2	acceptor		cryptic acceptor	71497509	""		0		0			0	0	27		19	1	211065	1	0
1046	3	2	acceptor		cryptic acceptor	71497532	""		0		0			0	0	50		10	28	211065	1	0
1046	3	2	acceptor		cryptic acceptor	71497545	""		0		0			0	0	63		17	3	211065	1	0
1046	3	2	acceptor		exon skipping		18-19		0		0			0	0		2	5	178	211065	1	0
1046	3	2	acceptor		exon skipping		19		1	-0.322500884532928	1	ENST00000319023	-2.25704548466134	1	1		1	3	6658	211065	1	1
1046	3	2	acceptor		exon skipping		19-20		0		0			0	0		2	4	566	211065	1	1
1046	3	2	acceptor		intron retention		""		1		0			0	0						0	0
